PartNo,PartName,User,Supplier,Date,SupplierQuote,Rec,SettledPrice
3688,protect,Patricia Jones,Burgess Ltd,07-06-2023,,145.36,157.56
4720,receive,Matthew Rose,"Perkins, Rasmussen and Cantrell",13-08-2023,,295.15,364.31
7092,security,Nathaniel Mejia,Garcia and Sons,02-05-2023,,280.01,330.24
5203,far,Ronald Gallegos,Nelson-Massey,23-10-2022,,136.62,169.75
1111,artist,Jared Clark,Morris PLC,05-03-2023,,170.23,189.41
9364,probably,Jamie Bradley,Hernandez Inc,13-10-2022,,336.75,344.83
4654,any,Margaret Davis,Davis and Sons,30-11-2022,,248.77,306.25
8100,must,Joshua Good,Gutierrez Group,20-09-2022,,238.04,270.43
8090,house,Jennifer Golden,Adams-Pena,05-04-2023,,273.1,305.32
8442,live,Adam Dixon,Olsen-Hawkins,29-08-2022,,164.74,181.75
2939,clear,David Harris,Wagner LLC,21-05-2023,,182.45,206.58
4962,forward,Tyler Mcclure,Rivera-Thompson,26-08-2022,,148.44,175.83
8226,my,Dean Johnson,George-Davis,20-09-2022,,152.76,193.86
3335,public,Marie Smith,"Hill, Rowe and Ali",23-11-2022,,63.05,74.64
6789,despite,Daniel George,Jimenez-Nichols,26-08-2022,,300.34,363.06
8258,magazine,Heather Cohen,"Kemp, Johnson and Phillips",04-09-2022,,88.47,99.72
9591,under,Jamie Gallegos,Price and Sons,11-12-2022,,148.12,159.11
3357,public,Bradley Huffman,Patterson-Johnson,27-03-2023,,200.17,251.3
7848,different,Allison Anderson,"Morales, Jones and Gonzalez",28-05-2023,,226.61,274.82
8437,drug,Heather Newman,"Blankenship, Baird and Gonzales",22-01-2023,,202.62,241.65
1146,main,Carl Davila,"Hill, Stevens and Wilson",29-11-2022,,326.15,372.24
6227,sure,David Perez,King Inc,15-06-2023,,154.96,172.57
2584,include,Sara Jones,"Drake, Ortega and Walker",31-10-2022,,57.23,66.98
2065,break,Reginald Hughes,Rivas-Jacobson,04-12-2022,,299.74,346.25
5567,source,Stacy Jones,"Lawson, Robbins and Hayes",02-04-2023,,282.8,345.87
2398,personal,Tammy Miller,"Nunez, Walters and Turner",04-10-2022,,268.06,300.39
8426,agency,Steven Blair,"Chan, Frederick and Haas",24-03-2023,,230.7,257.8
6973,fine,Manuel Ray,Smith LLC,24-12-2022,,299.6,311.46
6607,go,Michael Fletcher,Wilkerson Ltd,16-10-2022,,137.58,155.34
4137,side,Mr. Alexander Smith,"Harrell, Hoover and Brown",24-06-2023,,117.79,146.72
1425,walk,Diane Crawford,Bowman Group,09-06-2023,,42.52,44.54
8739,source,Andre Gomez,Thomas-Sanders,05-05-2023,,310.65,335.53
1752,much,Paul Riddle MD,Rodriguez-Smith,30-10-2022,,239.07,292.12
3794,window,Alexander Schultz,Berry-Lozano,21-05-2023,,46.97,52.54
6818,cold,Julie Collins,"Sanchez, Rosario and Baird",25-01-2023,,310.93,365.57
3794,over,Sherri Jackson,"Johnson, Braun and Martinez",10-03-2023,,307.05,346.82
9046,involve,Billy Wells,Lee-Smith,04-08-2023,,49.35,61.01
2840,movement,Corey Lang,"Sanford, Kelley and Little",04-10-2022,,273.37,319.53
9307,assume,Charles Mcguire,Jackson Group,12-04-2023,,336.48,378.16
2637,player,Amanda White,Warner-Copeland,30-08-2022,,47.13,57.23
5713,role,Mary Peterson,Stein-Holden,09-05-2023,,221.71,265.51
1047,tell,Jennifer Good,Jones Inc,27-11-2022,,261.33,291.6
5891,product,Kevin Martin,Morgan-Moyer,11-07-2023,,289.41,353.59
3546,project,Emily Dalton,Moore PLC,08-04-2023,,310.19,337.78
8061,everyone,Brittany Berry,Snyder-Paul,15-08-2023,,250.48,301.94
7752,return,Kelly Jones,Willis-Walker,05-04-2023,,274.66,299.21
1271,size,Julie Woodard,Martinez Ltd,09-06-2023,,48.95,55.34
7771,week,Jimmy Chen,Simmons-Moore,29-05-2023,,83.93,98.13
2690,local,Natalie Byrd,"Patton, Brown and Morton",04-03-2023,,173.3,192.85
4716,amount,Joseph Meyer,"Hampton, Hicks and Phillips",26-05-2023,,145.22,172.29
8220,watch,Barbara Stewart,"Cruz, Blair and Wells",24-06-2023,,237.44,280.49
3703,yeah,Carol Williams,Burnett-Smith,11-11-2022,,140.31,155.63
5564,view,Patty Thomas,"Williams, Oliver and Thompson",17-05-2023,,304.79,372.45
7149,American,Rachel Malone,Bolton PLC,19-05-2023,,167.18,219.48
3828,represent,Mrs. Courtney Carson,Nunez LLC,09-05-2023,,60.32,73.08
6995,loss,David Jones,Simmons-Adams,27-04-2023,,96.51,105.56
6793,lawyer,Mr. Dennis Norman MD,Smith PLC,06-01-2023,,148.78,164.6
7235,edge,Jessica Mills,Brown and Sons,03-05-2023,,172.09,206.44
1085,information,Amy Ramos,Watson PLC,30-04-2023,,333.08,353.61
5393,time,James Cantrell,"Robinson, Thompson and Brady",14-06-2023,,108.28,120.11
3038,western,Jesse Alvarez,Miles Group,01-08-2023,,281.16,369.56
7201,anyone,Joseph Henderson,"Perry, English and Nelson",18-03-2023,,73.06,87.18
7589,explain,Justin Carson,"Mcgee, Garza and Romero",04-03-2023,,184.22,214.08
2908,ago,Adam Sims,Odonnell Group,19-02-2023,,91.33,94.92
1223,move,Kevin Castillo,Diaz-Jordan,27-07-2023,,178.6,203.49
5079,alone,Tristan Todd,Meyers-Peterson,01-08-2023,,254.47,304.32
7940,guy,Sarah Williams,"Price, Johnson and Carson",21-06-2023,,172.09,195.8
9813,off,Madison Hanna,Lynch PLC,11-01-2023,,291.81,343.85
6431,parent,Kelly Garcia,Miranda Group,07-03-2023,,218.51,254.68
2298,character,Eric Jennings,"Peters, Davenport and Schaefer",16-12-2022,,315.85,388.52
8878,the,Angel Joseph,Rogers Inc,01-02-2023,,217.63,243.05
7153,join,Stephanie Washington,Abbott LLC,14-08-2023,,51.61,66.2
6560,five,Elijah Proctor,"Conley, Bowman and Macias",28-02-2023,,228.6,277.39
2586,property,Patrick Merritt,Rodriguez-Young,10-01-2023,,54.96,60.47
1439,yeah,Robin Martinez,"Reynolds, Webster and Cook",16-06-2023,,73.82,81.13
3362,they,Stephanie Walsh,Andrews-Miller,28-12-2022,,43.03,48.93
2014,now,John Edwards,"Salas, Matthews and Carey",25-07-2023,,262.63,299.57
6135,song,Mark Webb,Silva-Williams,29-04-2023,,226.3,260.47
4110,around,Gordon Hood,"Jones, Griffith and Gonzalez",13-08-2023,,240.42,305.38
3590,once,Jeffrey Ferrell,Foster PLC,07-05-2023,,319.21,369.71
3648,help,Adam Schroeder,Perez-Zimmerman,19-12-2022,,41.28,49.46
4812,tax,Mary Mckinney,Perkins-Smith,07-08-2023,,310.66,341.38
7366,statement,Nicole Bonilla,"Bishop, Mendoza and Dean",21-05-2023,,115.96,145.65
4852,safe,Kathy Owen,Barnes Group,03-12-2022,,121.39,137.15
2282,ground,Christopher Moore,Murphy-Kelley,09-02-2023,,93.96,114.08
6378,stuff,Kristi Green,Gonzalez Inc,03-02-2023,,80.52,98.98
4218,leave,Michael Montgomery,"Morales, Gutierrez and Wheeler",09-07-2023,,221.21,255.81
8149,enjoy,John Donaldson,"Johnson, Hancock and Rivera",18-07-2023,,74.58,87.86
9990,compare,Joseph Bauer,"Harris, Stark and Hansen",16-06-2023,,163.83,182.26
8070,put,Justin Walsh,Smith and Sons,22-08-2023,,174.23,186.98
7090,each,Gina Jones,Nguyen and Sons,26-12-2022,,60.07,74.69
1730,fight,Thomas Stephenson,"Ross, Myers and Fox",30-10-2022,,124.49,143.23
3313,bring,Donna Jackson,Cummings-White,28-07-2023,,131.21,149.09
7181,rich,Daisy Johnson,"Campbell, Meyer and Suarez",06-03-2023,,275.6,313.9
9964,send,Christopher Armstrong,Patterson Ltd,24-05-2023,,204.88,241.83
5270,what,Christopher Freeman,Wright-Wilson,26-03-2023,,206.39,248.46
4389,three,Jimmy Browning,Barnes Ltd,13-10-2022,,69.03,74.66
1938,herself,Adam Berger,Erickson LLC,31-07-2023,,138.37,163.84
3319,however,Samantha Craig,Todd and Sons,01-09-2022,,96.93,108.81
9692,safe,Tara Anthony,Alexander Group,24-06-2023,,250.73,285.34
9712,huge,Lisa West,"Gilbert, Garcia and Duran",15-04-2023,,37.13,42.08
1977,resource,Mr. George Daniels II,"Davenport, Williams and Bates",28-10-2022,,320.85,366.47
9844,may,George Phillips,Jones-Conner,22-05-2023,,162.33,192.31
3754,mean,Claire Rodriguez,"Rose, Bell and Branch",12-03-2023,,244.91,296.5
1876,bring,Thomas White,Austin Inc,02-12-2022,,288.55,322.79
1227,also,Michael Boyd,Jacobs LLC,08-12-2022,,260.73,341.21
6873,consider,Raymond Tran MD,Sheppard-Lyons,29-08-2022,,208.73,235.7
4357,cost,Tyler Maldonado,"Cooper, Olson and Pacheco",31-07-2023,,172.47,191.91
1586,wonder,Michael Hutchinson,"Hernandez, Burns and Williams",22-04-2023,,184.83,200.78
7003,edge,Sarah Rubio,"Mercado, Cummings and Garza",04-06-2023,,189.86,211.02
3174,left,Travis Peters,Brown-Ryan,03-08-2023,,213.23,221.81
7650,attention,Austin Ryan DDS,Howell-Rice,10-05-2023,,165.65,194.09
3676,will,Samantha Hall,Leonard-Fox,19-10-2022,,163.9,185.18
8187,play,Laura Perry,Martin-Preston,10-05-2023,,106.07,124.64
4024,water,Nathan Peterson,"Rodriguez, Phillips and Jackson",19-05-2023,,328.54,358.55
2426,year,Nancy Frazier,Montes-Edwards,21-07-2023,,192.1,227.85
9376,loss,Peter Thornton,Park Group,08-01-2023,,56.03,68.67
5457,above,Melissa Harris,"Haynes, Stephens and Scott",12-06-2023,,135.88,150.37
6743,can,Luke Andrews,"Jordan, Bell and Adams",04-05-2023,,219.37,262.13
7731,race,Shawn Williams,Brady-Thomas,27-08-2022,,198.76,224.29
3277,billion,Scott Rodriguez,Malone LLC,27-05-2023,,50.65,58.3
1294,attention,Jason Sampson,"Garcia, Adkins and Ellis",24-12-2022,,179.33,210.65
5840,drug,Rebecca Thomas,Fleming Inc,29-03-2023,,247.9,293.44
8601,present,Victoria Wright,"Perkins, Cole and Foster",19-09-2022,,78.32,93.98
2884,fire,Jeremy Watkins,Smith LLC,16-10-2022,,125.77,149.79
2358,tell,Thomas Cook,Leonard Inc,13-07-2023,,88.35,99.01
2544,grow,Sherry Carter,Parker PLC,16-04-2023,,215.91,256.37
5170,church,Jonathan Mitchell,"Garcia, Howard and Garcia",13-02-2023,,89.27,110.75
2990,table,Jasmine Cruz,Mitchell-Sanders,08-04-2023,,254.46,269.2
1183,face,Beverly Hunter,"Le, Clark and Middleton",15-08-2023,,291.13,328.96
4008,summer,Tonya Cruz,"Adams, Matthews and Murray",27-09-2022,,105.03,127.27
3461,stock,Amanda Olson,Wilson PLC,22-02-2023,,81.93,99.36
2251,agreement,Jason Thompson,Holland-Spears,30-04-2023,,53.52,63.54
5109,suffer,Jonathan Washington,"Moreno, Hernandez and Flowers",09-12-2022,,163.81,198.59
1292,bag,Thomas Buchanan,Moore-Young,17-09-2022,,140.47,159.08
2617,professor,Teresa Hansen,"Washington, Freeman and Williams",04-07-2023,,140.41,142.88
1634,more,Brian Smith,Martin-Jones,12-08-2023,,258.7,278.49
2063,home,Phillip Harper,"James, Knox and Stephens",16-08-2023,,260.29,295.72
7035,represent,Stephanie Leon,"Carter, Gonzales and Walker",22-12-2022,,197.38,213.62
8060,region,Jacob Garrett,Crane and Sons,16-04-2023,,161.4,208.53
7133,point,Christopher Murray,Johnson Ltd,23-07-2023,,61.66,73.22
5652,nearly,Austin Hill,"Wolf, Patterson and Harrison",10-09-2022,,197.71,205.87
5122,ok,Leonard Ward,Floyd PLC,15-02-2023,,204.39,259.68
9494,line,Robert Reeves,"Lewis, Murphy and Miller",31-10-2022,,69.51,83.45
7362,person,Timothy Beck,Lawson-Weaver,21-05-2023,,39.42,48.22
6200,above,Jocelyn Hamilton,Lee and Sons,05-10-2022,,280.05,332.13
5853,read,Kristina Garcia,"Patel, Taylor and Gonzalez",16-05-2023,,162.81,175.18
3228,second,Richard Johnson,"Bryant, Reed and Rice",22-05-2023,,70.05,78.72
5585,structure,Robert Jackson,Johnson-Olson,03-05-2023,,212.74,256.84
5136,language,Cameron Brooks,Moore LLC,21-07-2023,,182.51,219.77
8528,analysis,Brenda Mccarthy,Jordan Group,09-02-2023,,170.63,193.12
6899,into,Eric Patterson,Brown LLC,04-10-2022,,160.87,192.05
6377,miss,Jacob Blackburn,"Moreno, Moore and Price",09-02-2023,,113.32,138.49
7595,small,John Torres,"Stewart, Reed and Rowland",01-10-2022,,149.96,166.6
4254,voice,Mark Lin,Wilkinson-White,04-02-2023,,250.72,292.13
6448,occur,Hannah Bailey,"Baker, Elliott and Smith",21-11-2022,,297.43,354
3841,nor,Mrs. Abigail Higgins,"Dean, Wyatt and Maxwell",20-05-2023,,79.63,90.08
6240,may,Darrell Franklin,Campbell Group,09-06-2023,,287.44,358.67
1500,response,Dakota Lopez,Davis-Gibson,24-06-2023,,150.98,181.82
9163,live,Sarah Anderson,"Stephens, Petersen and Rodriguez",26-09-2022,,73.58,89.02
2976,size,Amy Holland,Sellers LLC,10-02-2023,,204.18,228.3
5948,data,Scott Phillips,"White, Wilson and Gomez",13-02-2023,,38.33,44.96
6245,individual,Shelley Stanton,Morgan Inc,06-08-2023,,102.57,111.62
7963,exist,Allison Taylor,"West, Gray and Oneill",10-05-2023,,99.66,117.01
4571,arm,Heather Lopez,Steele Inc,07-10-2022,,185.57,201.14
5041,close,Mathew Alexander,Harris Inc,30-07-2023,,191.35,223.99
4821,day,Laurie Wilson,"Williams, Evans and Lewis",28-09-2022,,302.48,350.57
8056,six,Cynthia Turner,"James, Collins and Chavez",16-11-2022,,171.47,202.49
2557,again,Amanda Hayes,Thomas-Lee,04-07-2023,,84.2,93.12
5452,federal,Jesse Davis,"Garcia, Jones and Kelley",26-02-2023,,209.07,221.71
1419,agent,Allison Smith,Salinas and Sons,08-03-2023,,176.82,188.85
1596,together,Darrell Smith,Robertson-Hodges,17-08-2023,,161.1,170.74
9245,son,Cody Davis,Montoya Group,20-05-2023,,258.54,278.01
7780,forget,Rachel Johnson,Oneal Group,21-05-2023,,321.11,350.47
9474,outside,Jessica Garner,Sellers PLC,13-12-2022,,104.08,122.54
8267,difference,Brittany Wallace,"Wilson, Simmons and Sellers",30-08-2022,,112.79,124.09
6034,street,Colton Edwards,Terry Group,06-02-2023,,302.25,345.1
9205,game,Logan Sullivan,"Ortiz, Torres and Watson",25-11-2022,,54.94,63.73
9354,no,Linda Lopez,Young Ltd,30-03-2023,,291.52,305.82
8177,employee,James Russell,Parker-Alvarado,09-04-2023,,83.96,92.21
9051,yeah,Randy Reed,"Robbins, Malone and Hendrix",19-04-2023,,177.09,219.65
4421,computer,Michael White,Hamilton-Allen,20-01-2023,,214.49,251.13
1590,wear,Jasmin Taylor,"Hampton, Carroll and Francis",06-01-2023,,92.68,109.32
8644,too,Kristen Rich,Hopkins-Richards,27-11-2022,,164.95,173.48
4903,know,Clinton Dalton,Reyes Ltd,16-03-2023,,166.13,189.37
6346,degree,Anthony Scott,Riggs Ltd,10-01-2023,,178.65,228.02
5207,physical,Christopher Turner,Mcguire Inc,18-06-2023,,255.11,293.68
4658,news,Ann Green,"Khan, Adams and Marshall",24-05-2023,,163.68,207.2
1562,cold,Jennifer Ortiz,Collins Group,05-07-2023,,127.58,143.36
6135,issue,Dawn Peters,Joseph-Torres,11-02-2023,,44.28,49.56
4054,western,Claudia Allen,"Wall, Peters and Robinson",02-04-2023,,115.64,134.57
6643,evidence,Brenda Kelley,"Johnson, Gray and Anderson",17-11-2022,,276.94,299.37
2120,behind,Anthony Guerra,Caldwell Inc,10-09-2022,,285.37,342.43
2363,themselves,Ann Roberts DVM,Hess Inc,19-11-2022,,271.61,314.66
2228,center,Brent Nguyen,Bailey PLC,11-12-2022,,253.16,308.78
3976,page,Andrew Moore,Villanueva Ltd,14-07-2023,,103.65,115.54
4761,issue,Sandra Mcintyre,Wise-Smith,04-02-2023,,214.24,257.06
2440,traditional,Paige Parker,Obrien Group,14-03-2023,,103.71,112.19
5651,Mrs,David Morris,Hamilton-Nelson,15-07-2023,,152.19,174.01
4159,father,Rachel Duncan,Gonzalez Inc,15-03-2023,,35.53,39.62
3796,run,James Perry,Scott-Young,31-10-2022,,100.15,109.58
6400,drop,Ryan Cooper,"Rice, Johnson and Erickson",19-07-2023,,225.67,259.44
7072,development,Charles Tucker,"Nguyen, Stone and Vasquez",30-12-2022,,284.51,360.18
8263,forward,Cory Smith,"Jones, Wright and Graves",14-02-2023,,61.56,72.99
8383,your,David James,Wallace-Clarke,02-05-2023,,123.72,139.88
9113,father,Benjamin Tapia,"Cooper, Harrison and Rodriguez",28-12-2022,,124.61,127.81
9164,pretty,Dr. Christine Morales MD,Martinez-Roberts,18-12-2022,,194.73,227.11
5428,science,Andrew Wilkinson,Ellis-Reeves,06-08-2023,,163.46,198.26
2725,indicate,Andrea Adams,"White, Bush and Brown",23-11-2022,,171.97,197.1
3952,attention,Juan Jones,Wade PLC,28-11-2022,,71.15,91.61
5691,PM,Thomas Allison,Phillips-Thomas,23-09-2022,,116.27,123.28
2041,fill,Adam Smith,Gonzalez Group,20-12-2022,,331.22,380.56
2769,recognize,Jacob Nguyen,Rivera Group,23-10-2022,,40.95,47.79
5424,help,Maria Lee,Hawkins LLC,03-11-2022,,266.36,318.98
4691,be,Rachel Wiley,"Cook, Mccullough and Morales",31-07-2023,,180.01,189.63
9905,show,Taylor Garcia,Brown Ltd,11-09-2022,,238.45,259.31
7150,environmental,Richard Bell,"Taylor, Perez and Nolan",08-07-2023,,283.18,329.13
5444,model,Scott Goodwin,Campbell-Saunders,20-12-2022,,210.75,246.71
8059,realize,Ivan White,Spears Ltd,28-08-2022,,261.93,320.37
6427,box,Ann Leach,"Frank, Todd and Lewis",18-04-2023,,71.84,89.42
1559,woman,Samantha Harrison,Butler-Parsons,23-04-2023,,143.42,171.33
3235,project,Robert Kidd,Hughes Group,31-07-2023,,275.16,328.96
7631,gun,Angela Henderson,Guerrero-Dean,08-06-2023,,154.14,169.29
5230,important,David Peterson,Odonnell-Lynch,16-09-2022,,167.31,185.46
4189,ground,Suzanne Baldwin,Salazar-Rodriguez,05-09-2022,,202.96,209.93
4531,understand,Kristin Boyd,Kelley and Sons,25-01-2023,,69.53,84.26
5453,wait,Randy Anderson,"Quinn, Rice and Mitchell",22-09-2022,,267.97,317.14
2836,blood,Billy Lopez,"Moore, Wyatt and Hanson",28-04-2023,,308.04,353.67
2946,might,Sherry Kennedy,Conley-Banks,07-05-2023,,48.66,55.18
5354,charge,Richard Hill,"Black, Salazar and Poole",23-12-2022,,95.73,112.89
8811,tax,Steven Barrera,"Stafford, Morrison and Williams",05-04-2023,,125.58,127.86
6538,production,Andrew Warner,"Flores, Doyle and White",07-07-2023,,91.49,94.96
2202,star,Donna Gray,Warren LLC,29-07-2023,,217.36,227.9
1207,face,Jessica Ramos,Conway LLC,05-11-2022,,324.68,348.3
5113,guy,Ann Sanchez,"Wilkerson, Rodriguez and Hanson",21-08-2023,,106.1,117.69
6269,either,Troy Weber,"Parrish, Wright and Sanchez",30-07-2023,,324.39,366.67
3193,study,Jason Sullivan,"Bush, Foster and Mack",05-06-2023,,51.89,62.73
7890,old,Paul Freeman III,Griffin PLC,01-06-2023,,274.81,322.28
8914,know,Jesus Thompson,Davies Ltd,16-06-2023,,177.79,198.8
7680,that,Scott Smith PhD,"Holmes, Collins and Hughes",11-01-2023,,323.73,342.62
5445,choice,Michael Pace,Bailey-Garcia,13-10-2022,,215.08,247.28
4834,then,Patricia Knox,Thompson-Simpson,10-05-2023,,251.57,318.77
3929,maybe,Jay Beltran,Myers-Young,17-03-2023,,132.74,156.77
5731,really,Sara Ray,"Mcclure, Paul and Small",04-01-2023,,263.07,304.58
2876,decade,Vanessa Williams,"Clark, Hines and Tanner",05-05-2023,,36.24,40.61
9580,else,Kayla Rogers,"Ortiz, Smith and Johnson",01-05-2023,,122.18,143.24
3787,mouth,Victoria Watson,Abbott Group,02-10-2022,,313.44,347.46
6174,building,Jessica Lee,Herman-Henderson,26-07-2023,,58.82,65.89
5576,thank,Terrance Warner,"Lopez, Stuart and Noble",13-04-2023,,78.55,85.9
1343,customer,Bradley Wiley,Duke-Moses,14-02-2023,,188.11,235.28
2429,camera,Pamela Anderson,"Ford, Ellison and Watson",03-08-2023,,225.2,231.71
4152,see,Cynthia Morris,"White, Sullivan and Welch",03-01-2023,,92.14,113.21
5579,owner,Julie Robinson,Jones and Sons,18-02-2023,,276.92,340.64
9813,sell,Karen Delgado,Lozano and Sons,28-08-2022,,121.67,144.51
1195,line,Michael Lee,Humphrey-Jones,28-10-2022,,97.86,107.23
1054,know,Scott Knight,Peters-Carroll,17-06-2023,,287,362.41
1749,power,Sierra Patterson,Griffin and Sons,09-12-2022,,292.62,363.11
1088,old,Rebecca Hawkins,Burgess LLC,22-05-2023,,167.8,168.97
4436,option,Thomas Barber,Thompson and Sons,28-02-2023,,39.57,42.39
7211,onto,Jonathan Beltran,"Burton, Rubio and Hardy",27-01-2023,,215.76,273.73
5716,sound,Martha Brown,Nguyen Ltd,07-01-2023,,229.37,262.29
2644,deep,Kevin Hill,Joseph Group,17-01-2023,,211.01,252.57
1725,toward,Michelle Evans,"Preston, Williams and Hall",20-11-2022,,336.61,380.34
8695,before,Christina Ferguson,Washington-Solomon,03-07-2023,,71.21,76.98
8067,check,Jennifer Evans,Mcgee PLC,20-01-2023,,289.97,311.9
1012,prepare,Lisa Taylor,Clark-Morris,11-11-2022,,180.61,209.96
7790,include,Angela Allen,Rodriguez LLC,09-07-2023,,102.2,111.1
8794,represent,Dennis Riley,Kennedy Group,09-03-2023,,99.44,113.01
5994,outside,Donna Harvey,"Salazar, Anderson and Lopez",26-03-2023,,69.37,81.97
9005,large,Olivia Martinez,"Perez, Rodriguez and Black",12-06-2023,,196.68,233.93
3863,recently,Cody Mack,Jones-Eaton,30-03-2023,,269.24,318.18
4584,senior,Monica Jones,Cook PLC,31-12-2022,,254.18,276.56
1386,stop,Jeffrey Tucker,Greene-Sanchez,03-03-2023,,51.22,58.72
4247,possible,Miss Adrienne Allen DDS,Ward PLC,25-03-2023,,179.9,191.68
6409,soldier,Devin Taylor,Bautista Group,20-09-2022,,99.94,121.13
6234,key,Brandon Soto,"Young, Smith and Rivera",12-12-2022,,115.18,136.25
4911,American,Mary Cain,"Hutchinson, Carter and Harrison",19-11-2022,,129.82,149.97
4165,material,Amanda Williams,Newman-Mendoza,03-06-2023,,96.23,114.91
4175,mouth,Gregory Lowe,"Cruz, Knapp and Green",19-03-2023,,101.2,106.98
6080,floor,Ann Baker,Osborne Ltd,05-02-2023,,263.1,318.15
8932,social,Patrick Jones,"Brown, Perkins and Shaw",28-10-2022,,99.14,111.51
3946,end,Lauren Robinson,Pollard Inc,30-07-2023,,160.82,180.71
9899,he,Diane Strong,King LLC,10-08-2023,,100.28,116.84
8955,lawyer,Henry Johnson,Copeland Inc,17-09-2022,,255.77,319.29
5467,entire,Aaron Wilson,Moore PLC,05-08-2023,,235.87,278.6
9535,somebody,Michael Ward,Owens-Clark,09-10-2022,,173.73,199.87
4276,institution,Crystal Wang,Harrison-Winters,05-05-2023,,202.55,268.02
6004,source,Angela Gregory,Kelly-Wong,24-04-2023,,304.85,360.26
3037,loss,Linda Holder,Brooks and Sons,05-03-2023,,91.28,101.63
9758,miss,Jacqueline English,Moses-Ayala,20-10-2022,,217.38,247.99
2287,table,Emma Tucker,"Burch, Cortez and Ward",23-05-2023,,33.14,37.03
5004,suffer,Tamara Fry,"Castro, Park and Shaw",17-10-2022,,134.09,146.21
6200,floor,Madison Hart,Joseph-Oneill,31-10-2022,,183.92,212.53
6700,wind,Jeff Ford,"Hawkins, Burnett and Hill",07-09-2022,,88.33,98.94
7948,Mr,Sharon Sanchez,Flores PLC,17-05-2023,,38.51,48.99
1529,anything,Connor Terry,"Bennett, Jones and Lutz",07-05-2023,,318.14,326.1
2483,through,Brittney Li,Rodriguez LLC,17-07-2023,,251.44,276.67
3771,charge,Mr. Michael Roberts,Barnes-Hernandez,18-07-2023,,164.35,180.72
3973,poor,Jennifer Perez,Beard-Reed,10-05-2023,,136.79,151.67
5975,public,Jamie Frye,Gonzalez PLC,13-03-2023,,274.19,293.15
5848,fly,Dustin Roberts,Robinson Ltd,29-12-2022,,41.53,50.65
4154,history,Richard Robinson,Bartlett Group,04-10-2022,,68.13,84.19
3966,kid,Mark Flynn,"Chen, Velasquez and Ross",14-03-2023,,156.93,177.81
1119,hold,Alyssa Johnson,Mora-Clark,28-09-2022,,282.78,293.78
1266,market,Molly Edwards,"Martin, Perkins and Mendoza",13-06-2023,,47.09,58.92
7813,break,Christopher Miller,Zamora PLC,01-06-2023,,234.72,260.81
3020,recognize,Albert Powell,"Hull, Hurst and Patrick",31-07-2023,,261.87,280.58
1927,number,Christopher Clark,Craig PLC,31-03-2023,,216.5,245
1913,eight,Aaron Campbell,Garcia Group,11-03-2023,,217.79,225.07
7139,send,Jill Blevins,Reyes-Holmes,16-04-2023,,208.3,262.09
6330,address,Susan Lopez,"Rivera, George and Jones",29-09-2022,,187.46,216.26
7423,network,Craig Taylor,"Jackson, Vasquez and Clements",21-01-2023,,174.22,224.52
7301,need,Jennifer Baker,Miller-Wilson,16-06-2023,,215.05,241.28
2482,town,Gloria White,Nichols-Armstrong,28-08-2022,,158.5,189.56
9880,picture,Kathryn Gonzalez,Brown and Sons,15-08-2023,,217.63,234.22
4203,behavior,Amanda Bowers,Burns LLC,10-06-2023,,300.69,352.15
8486,upon,Emily Coleman,Franco LLC,22-03-2023,,148.43,175.42
8220,light,Nicholas Ritter,"Gardner, Wyatt and Perez",12-03-2023,,179.51,225.7
6975,week,Ms. Holly Jenkins,"Mcguire, Fisher and Cook",17-05-2023,,219.65,265.24
2329,then,John Baker,Knight LLC,14-04-2023,,103.11,112.01
9801,food,Gregory Mckay,"Lucero, Moore and Bryant",26-04-2023,,234.2,284.9
2322,develop,Jeffrey Hall,Smith-Fitzgerald,29-10-2022,,78.03,98.8
1104,their,Angela Miller,"Guerrero, Ramirez and Lewis",10-08-2023,,57.93,70.55
3049,bed,Lisa Payne,Smith Ltd,02-06-2023,,267.47,315.85
3858,statement,Danny French,Butler-Henderson,27-02-2023,,34.42,42.41
3874,rich,Gary Dominguez,Washington-Garner,01-05-2023,,196.86,234.98
9991,which,Cheryl Bryan,"Doyle, Ortega and Campbell",29-08-2022,,88.02,101.48
4558,food,Nicholas Daniels,Delgado Ltd,16-08-2023,,78.13,81.76
1807,want,Ashley Barnes,Cochran PLC,13-10-2022,,188.27,227.27
4663,person,Toni Martin,Johnson Ltd,21-03-2023,,204.29,240.32
1290,fear,Rebecca Keller,"Stokes, Freeman and Peterson",28-03-2023,,205.1,237.93
2138,focus,Kathryn Bishop,Allen Ltd,16-04-2023,,63.6,80.37
8762,film,Christopher Copeland,Cortez-Conner,13-08-2023,,224.82,291.33
3792,five,James Trujillo,"Hooper, Brown and Cooper",27-11-2022,,141.01,154
5239,nothing,Douglas Alvarado,Walker and Sons,24-08-2023,,213.91,247.01
4910,office,Amy Mcclure,"Mayo, Lucas and Green",02-07-2023,,222.29,250
7846,everything,Erik Nolan,Taylor and Sons,29-11-2022,,35.33,39.2
6486,particularly,Barbara Thompson,Moore-Jones,13-09-2022,,159.39,167.03
7843,amount,Sarah Beasley,Hoffman-Sellers,28-07-2023,,309.17,351.38
3477,spend,Manuel Anderson,Robertson and Sons,14-07-2023,,281.49,294.49
7260,purpose,Cassandra Reid,Miller-Gonzalez,13-09-2022,,293.73,343.4
1413,career,Ashley Bennett,Burnett PLC,21-02-2023,,125.9,151.95
3066,ground,Brittany Henderson,Anderson PLC,01-09-2022,,189.99,226.73
7862,pass,Vernon Brown,Mata-Daugherty,17-07-2023,,190.01,229.58
5399,structure,Dennis Arnold,Murray Group,02-05-2023,,226.07,270.05
6932,and,Erin Green,Jenkins Inc,25-07-2023,,84.55,103.74
6840,claim,Walter Dunn,"Chavez, Oneill and Wade",05-01-2023,,217.41,241.2
2391,couple,Allison Gillespie,Perry PLC,10-06-2023,,161.27,190.01
4180,everything,Michelle Dixon,Wilson Inc,24-07-2023,,158.51,195.73
8694,serve,Lisa Ingram,Chang Ltd,25-04-2023,,226.7,255.66
3467,yard,David Serrano,Williams Inc,26-08-2022,,63.68,76.16
1748,deal,Eric Krause,Williams-Campbell,25-07-2023,,300.15,343.05
4805,enough,Karen Lara,Marks LLC,24-08-2023,,122.5,147.95
4500,walk,Melissa Norris,Skinner-Vaughn,18-08-2023,,313.79,350.01
9787,late,Casey Bond,"Pearson, Durham and Hayes",31-07-2023,,231.27,284.41
5707,us,Peter Snyder,"Griffin, Clarke and Flynn",30-07-2023,,274.86,322
8064,sister,Sean Morales,"West, Chan and Arroyo",19-09-2022,,217.82,276.35
7391,firm,Brittany Tucker,Rowe-Johnson,13-02-2023,,142.66,170.11
2342,important,Lisa Carroll,Terrell-Parker,20-07-2023,,307.18,331.68
5794,behavior,Matthew Wallace,Miller PLC,01-09-2022,,82.17,96.64
5700,world,Amy Henderson,Allen Group,10-05-2023,,234.04,274.57
6143,camera,Kyle Davis,Johnson-Mendez,20-03-2023,,268.27,298.9
2827,add,Joseph Marshall,Jones-Leonard,08-11-2022,,60.2,63.11
3915,ok,Samantha Carrillo,Lawson-Clark,24-04-2023,,124.49,153.32
2896,page,Mr. David Knox MD,"Smith, Horn and Harris",08-08-2023,,52.35,60.44
6282,idea,Anthony Walters,Pitts-Roberts,07-05-2023,,78.08,101.28
4639,woman,Felicia Rodriguez,"Williams, Baker and Chambers",13-12-2022,,183.33,235.36
5609,analysis,Dr. John Martinez DDS,Wade and Sons,08-11-2022,,290.2,330.97
6481,great,April Christensen,Walker-Short,03-06-2023,,263.51,314.05
1718,just,Mercedes Robinson,Barber-Richards,18-02-2023,,184.91,189.93
9282,stage,Heather Holden,Long PLC,29-12-2022,,198.59,236.36
8482,themselves,Logan Smith,"Nguyen, Lopez and Fuller",18-02-2023,,124.33,148.96
8816,hope,Kathleen Baker DDS,Hall and Sons,06-03-2023,,265.67,305.25
5148,himself,Timothy Robertson,Fuentes-Garcia,02-06-2023,,119.16,139.86
9042,happy,John Young,Ellis Ltd,04-07-2023,,166.36,193.7
4780,imagine,Jason Guzman,"Ruiz, Deleon and Farmer",04-10-2022,,189.77,226.63
2187,cut,Mary Martinez,"Martinez, Colon and Cooper",17-09-2022,,305.54,343.73
5414,treat,Angela Herrera,Walton-Williams,15-09-2022,,119.51,137.15
5325,act,Dr. Gina Rush,Perry-Johnson,02-08-2023,,112.93,119.37
8530,ability,John Williams,Krueger LLC,17-07-2023,,268.82,294.09
6926,word,Michael Myers,"Dean, Taylor and Moran",04-11-2022,,213.91,233.78
2865,inside,James Parks,"Davis, Daniels and Carlson",07-12-2022,,124.42,136.11
3280,material,Matthew Prince,"Mccullough, Lloyd and Lynch",20-01-2023,,166.24,183.44
7225,of,Steven Bryant,Garcia-Mullen,02-11-2022,,53.85,62.66
3335,move,Gary Allen,Charles-Brown,03-04-2023,,243.97,251.06
8140,a,Stacey Cooper,Holmes-Roberts,20-06-2023,,53.55,64.52
8777,success,Emily Cole,Flynn-Henderson,17-08-2023,,133.22,163.06
7417,serve,Clarence Villegas,Anderson PLC,29-08-2022,,34.29,39.28
3468,past,Sierra Garner,"Johnson, King and Green",18-01-2023,,75.65,93.68
8901,clearly,Jacqueline Lowery,Guzman Inc,03-11-2022,,199.1,233.28
7578,ball,Sabrina Nelson,Neal-Williams,23-08-2023,,123.71,138.75
2810,truth,Ryan Dickerson,"Hart, Hale and Williams",17-04-2023,,248.6,296.79
1919,wrong,Adam Irwin,"Blair, Martinez and Lozano",14-11-2022,,211.61,230.88
1250,space,Dennis Miller,Watson Group,04-01-2023,,138.28,167.54
7610,support,James Jones,Thompson-Frost,20-03-2023,,197.81,229.51
4652,build,Shannon Jones,"Jones, Clayton and Bradford",04-05-2023,,214.55,275.95
7336,deal,Frank Copeland,"Williams, Terrell and Martinez",08-11-2022,,259.26,300.05
2103,politics,Breanna Duke,"Gonzales, Allen and Juarez",23-10-2022,,202.81,237.31
1269,outside,Theresa Brown,Jones-Bishop,06-05-2023,,238.32,246.95
1296,son,Raymond Bryant,Ellis-Brown,31-10-2022,,100.91,109.69
6251,stock,Amber Bryant,Robinson PLC,22-10-2022,,171.35,201.75
8928,century,Andrew Edwards,Pope-Carter,20-05-2023,,285.71,332.53
1096,miss,Michelle Smith,White-Wiggins,28-12-2022,,47.93,52.83
3380,how,Brandon Johnson,"Mayer, Brown and Kidd",19-11-2022,,268.8,313.97
9319,use,David Thompson,Farley Ltd,15-02-2023,,140.05,142.81
9862,it,Andrew Smith,Harris and Sons,15-06-2023,,227.37,273.43
6464,police,Maurice Williams,Grant PLC,07-02-2023,,315.45,373.33
7331,green,Ricky Harrison,Bartlett-Hoffman,21-06-2023,,210,258.76
1213,he,Claudia Diaz,"Stevenson, Lopez and Burns",18-06-2023,,271.48,357.19
6632,mean,Steven Mccarthy,"Rodriguez, Ward and Luna",04-11-2022,,247.8,282.41
2106,green,Raymond Johnson,"Hughes, Williams and Sloan",19-12-2022,,336.9,367.52
1274,couple,John Webb,Cardenas and Sons,01-12-2022,,196.09,211.76
7488,down,Vanessa Joseph,Miller-Macdonald,01-01-2023,,316.72,372.23
4320,suggest,Pamela Robinson,Lewis Group,06-10-2022,,142.38,182.12
9002,level,Elizabeth Dyer,Ortiz LLC,24-12-2022,,175.54,195.6
1774,from,Matthew Perry,White-Valdez,09-06-2023,,327.84,346.57
7623,people,Alicia Cross,"Bond, Wilkinson and Martin",07-12-2022,,101.2,113.82
5176,involve,Daniel Briggs,Howard LLC,26-08-2022,,67.71,76.17
6237,without,Jeanette Juarez,"Rhodes, Foster and Evans",06-02-2023,,255.26,274.4
1704,especially,Kevin Brown,Bradley-Freeman,10-01-2023,,97.13,120.71
3582,attack,Rodney Lopez,Robbins Ltd,01-03-2023,,150.44,189.07
3344,particularly,Jamie Ellis,"Anderson, West and Hansen",12-07-2023,,57.07,67.37
1109,site,Melanie Weaver,Ward Inc,29-04-2023,,314,378.19
2247,television,Billy Cox,Wright-Lopez,03-11-2022,,215.65,223.59
7053,sense,Brian Williams,Molina Group,12-02-2023,,311.71,348.12
6977,rise,Danielle Spencer,Diaz-Jones,18-07-2023,,153.75,173.09
1963,because,Luis Howard,Russell-Carpenter,06-11-2022,,159.81,181.95
8688,per,Phillip Werner,Wilson and Sons,24-10-2022,,106.82,111.9
2685,evening,Robert Lee,Shaw-Smith,04-11-2022,,71.9,79.08
4699,skin,Mary Jensen,Barnett Group,25-08-2023,,267.03,296.84
6579,authority,Latoya Smith,Padilla-Jones,03-07-2023,,308.74,349.76
7214,order,Travis Kennedy,"Walters, Williams and Miller",25-09-2022,,266.23,306.41
2655,factor,Mrs. Hannah Stephens MD,"Diaz, Payne and Zuniga",20-04-2023,,140.24,164.69
5027,fund,James Parker,Torres and Sons,04-05-2023,,208.67,218.83
2090,expect,Logan Brooks,Rodriguez-Gonzalez,29-11-2022,,219.46,275.52
1374,state,Gregory Buckley,Cook PLC,11-10-2022,,125.19,146.68
3766,loss,Theresa Coleman,Smith LLC,01-06-2023,,52.2,57.18
8004,under,Renee Buchanan,Edwards LLC,29-01-2023,,245.05,315.88
9251,remember,Robert Stark,"Mays, Olson and Martinez",15-06-2023,,242.98,257.67
2891,TRUE,Paul Reese,"Howell, Baker and Lee",01-11-2022,,130.15,156.16
4469,allow,Ruben Duncan,Jenkins-Green,18-08-2023,,118.7,139.52
3136,others,Karen Davila,"Bryant, Holder and Bird",07-01-2023,,207.25,271.19
4544,west,Marie Day,Castaneda-Moses,26-03-2023,,62.69,74.79
6893,dream,Connie Everett,Ross Ltd,06-10-2022,,240.98,270.8
3676,nor,Angela Schmidt,"Nelson, Hoffman and Cole",11-02-2023,,77.02,101.57
8144,relate,Erin Bridges,"Scott, Martinez and Carson",24-07-2023,,228.45,280.58
2490,issue,Christina Smith,Curry-Brown,16-07-2023,,282.5,353.56
9815,account,Lisa Jackson,Lin Inc,10-10-2022,,267.52,304.37
6232,civil,Mary Gonzalez,Diaz Group,08-09-2022,,193.28,220.25
1846,large,Nicole Davis,Leonard and Sons,27-07-2023,,326.32,358.92
8288,nor,Ashley Scott,Sexton Inc,25-03-2023,,151.82,174.94
8462,manage,Jacob Blevins,Trujillo-Turner,24-06-2023,,105.19,117.48
8968,rate,Tara Velez,"Smith, Cameron and Johnson",20-08-2023,,253.74,265.3
3335,compare,Vincent Short,Monroe Ltd,13-11-2022,,223.69,251.15
8388,through,Richard Ferguson,"Moore, Bennett and Taylor",14-03-2023,,298.68,363.57
5178,country,Joseph Santos,Wiggins LLC,31-08-2022,,41.9,52.76
4736,change,Jasmin Osborn,Melton-Hamilton,10-04-2023,,289.44,332.79
4000,term,Lori Davila,Phillips-Stevens,18-03-2023,,31.01,40.02
7440,political,Kelly Li,"Wilson, Castaneda and Hess",07-05-2023,,62.14,71.08
9744,then,Dawn Ward,Moore-Barnes,10-07-2023,,184.96,204.98
3634,job,Joshua Williams,Mcpherson Ltd,22-02-2023,,182.96,233.26
1715,family,Jennifer Woodard,Russo PLC,27-07-2023,,185.94,213.34
5220,create,Pamela Hood,Moreno-Ross,20-01-2023,,80,83.1
6675,include,Amanda Moreno,Adams-Anderson,20-02-2023,,176.31,204.7
9023,detail,Jessica Hinton,"Martinez, Baird and Dixon",30-09-2022,,288.66,339.52
4241,edge,Jamie Byrd,"Marshall, Bell and Ball",23-08-2023,,158.51,195.09
4328,occur,John Aguirre,Sanchez Ltd,13-06-2023,,32.4,37.11
2412,outside,Jeffrey Cox,Williams Group,16-01-2023,,85,110.13
5692,star,Bryan Dean,Ford-Barron,03-07-2023,,127.98,163.7
6444,because,Victoria Adams,Young-Collins,11-01-2023,,287.76,334.8
6658,into,Faith Huber,Dixon and Sons,31-07-2023,,225.25,256.42
4892,many,Thomas Smith DDS,Pitts-Turner,25-05-2023,,272.86,317.51
8856,start,Ethan Simon,Sutton-Ware,25-01-2023,,214.7,235.89
5847,address,Vanessa Crawford,"Braun, Thomas and Davis",16-07-2023,,140.68,173.51
7307,approach,Tiffany White,"Reilly, Paul and Stevens",29-12-2022,,211.8,263.72
3453,page,Jessica Rodriguez,Anthony LLC,09-03-2023,,36.62,41.21
6413,car,Kimberly Carlson,Pham-Hale,21-08-2023,,53.62,57.93
1986,like,Kimberly Perez,"Gonzalez, Mills and Ross",09-06-2023,,261.2,286.18
1081,politics,Makayla Martin,Brown-Casey,28-08-2022,,147.35,169.86
9387,on,Bruce Brown,"Morris, Adams and Peters",16-11-2022,,293.61,355.47
9743,difference,Tracy Powell,"Reese, Taylor and Mathews",15-05-2023,,123.62,126.4
5386,spend,Travis Pierce MD,Adams Inc,16-06-2023,,139,161.51
2454,first,Dean Sutton,Walsh Ltd,15-07-2023,,33.47,39.79
6853,someone,Shannon Gentry,"Kim, Vaughn and Bishop",08-10-2022,,193.9,219.16
3713,knowledge,Richard Baker PhD,"Ellis, Hall and Hodge",13-10-2022,,186.52,238.81
4677,break,Charles Newman,"Montgomery, Arias and Lucas",15-12-2022,,75.79,87.51
4140,left,Jordan Jensen,Smith-Bowman,05-12-2022,,183.21,204.44
4615,good,Shane Richards,Taylor-Rodgers,02-06-2023,,123.17,142.5
9039,play,Gina Blake,Williamson LLC,05-12-2022,,59.9,64.06
9872,project,James Lam,Vasquez-Miller,04-05-2023,,113.35,133.03
7936,ability,Aaron Thompson,Blackburn Ltd,30-12-2022,,105.03,116.64
5419,same,Kiara Taylor,Vega-Sullivan,03-07-2023,,247.65,283.14
4268,father,Nicholas Lee,Tyler-Nichols,05-08-2023,,276.82,290.05
5317,ten,Richard Whitaker,"Simpson, Chambers and Johnson",26-05-2023,,270.11,314.18
5171,cover,Katie Vargas,Adams Inc,05-03-2023,,118.12,133.02
9581,management,Terry Martinez,Johnson Group,10-08-2023,,285.81,314.09
1553,majority,Samuel Patrick,"Jones, Sullivan and Webb",27-01-2023,,134.48,163.4
8847,hand,Jorge Romero,"Dunn, Gonzalez and Johnson",29-04-2023,,216.87,260.96
4465,nor,Kenneth Carr,Miller Inc,18-02-2023,,181.95,207
9385,sport,Sara Fields,Young-Dean,25-06-2023,,319.83,389.36
9161,Mrs,Dawn Austin,Williams-Johnston,18-11-2022,,285.88,323.86
2482,price,Stanley Payne,Costa-Berry,15-01-2023,,257.48,289.64
9303,with,Grace Harris,Smith Inc,23-07-2023,,299.21,339.41
3464,picture,Bill Wilson,Phillips PLC,31-03-2023,,62.23,73.78
7320,democratic,Roberto Gutierrez,Lambert-Hammond,02-01-2023,,134.99,161.94
6738,improve,Eugene Taylor,Montgomery-Hughes,28-01-2023,,74.05,84.99
5364,at,Charles Williams,Watkins Group,02-12-2022,,120.26,130.93
8723,article,Alexander Bradley,"Santiago, Knapp and Stevens",28-05-2023,,97.67,114.51
1593,scene,Susan Jones,Davis Group,29-10-2022,,109.53,126.49
9547,part,Amy Bradshaw,Pollard Group,30-05-2023,,166.52,200.56
7406,ready,Jessica Turner,"Berger, Miller and Cain",20-06-2023,,90.69,109.86
3382,success,Emma Walker,Johnson-Donovan,11-04-2023,,45.39,51.28
8657,about,Justin Moran,Vega and Sons,29-12-2022,,84.51,86.8
8534,meeting,Taylor Clark,Anderson-Maxwell,12-04-2023,,154.21,160.44
1772,as,Timothy Mann,Romero-Simmons,06-10-2022,,69.46,88.1
8157,husband,Mary Collins,Davis Inc,25-03-2023,,222.02,277.2
8140,final,Roy Vega,"Brown, Coleman and Ford",23-12-2022,,190.09,234.78
2825,happen,Derek Velez,Madden-Prince,21-12-2022,,314.99,342.34
3351,market,Maria Cruz,"Green, Lee and Bell",05-11-2022,,272.8,313.38
2658,wait,Leslie Price,"Collins, Gross and Taylor",17-08-2023,,187.47,204.67
8716,wife,Barry Torres,"Johnson, Thompson and Paul",08-07-2023,,305.66,361.58
5859,administration,Ashley Phillips,Wagner-Wells,06-02-2023,,179.59,203.07
4265,while,Gary Jackson,"Williams, Miller and Smith",16-08-2023,,196.74,213.64
1127,Democrat,Vernon Smith,Rodriguez-Henderson,28-12-2022,,151.2,179.31
9107,realize,Sean Evans,"Mcguire, Long and Garcia",05-01-2023,,48.73,57.51
7058,understand,Peter Barry,"Fox, Higgins and Taylor",10-05-2023,,169.45,178.33
4965,PM,Megan Anderson,Walker and Sons,10-06-2023,,265.86,306.82
5060,security,Michael Garrett,Nielsen LLC,09-03-2023,,126.49,146.72
5305,single,Susan Gordon,Garrett-Reyes,25-12-2022,,107.04,126.06
1682,along,Michelle Parrish,Rojas-Miller,09-02-2023,,266.15,284.4
3554,along,Gina Moon,Ross and Sons,29-11-2022,,296.15,326.94
7252,left,William Perez,Harris-Johnson,10-02-2023,,122.13,142.46
5494,former,Steven Hamilton,Key-Durham,02-07-2023,,191.87,207.23
9925,institution,Marilyn Wallace,Lopez-Davis,30-04-2023,,263.38,317.48
6242,sound,Mrs. Carrie Perez PhD,Bush-Smith,06-03-2023,,69.58,79.8
2599,deep,Zachary Harris,Garza Ltd,25-08-2023,,107.75,122.59
7262,story,Marcus Cook,Lewis-Pope,04-05-2023,,156.97,175.74
2222,exist,Tina Reynolds MD,Sparks-Murphy,05-05-2023,,78.02,92.32
6747,next,Jenny Friedman,Frank Group,01-05-2023,,246.13,275.56
3981,call,Haley Garza,Garcia-Lewis,22-06-2023,,205.92,242.36
1834,change,David Ramos,Robinson and Sons,21-09-2022,,290.57,331.94
6197,significant,Linda White,Mahoney-Kim,21-12-2022,,172.02,189.92
3269,summer,Morgan Patel,Huff PLC,17-02-2023,,313.01,322.58
1277,policy,Peter Yates,"Woods, Garcia and Hobbs",04-07-2023,,216.79,247.72
5421,name,Katelyn Alvarado,Melton Ltd,28-06-2023,,216.44,256.16
5677,fish,Felicia Robbins,Hamilton-Brown,24-02-2023,,145.48,165.71
6518,really,Jose Hart,Terry Ltd,12-05-2023,,221.85,259.98
9391,sister,Gabriel Bradley,"Ramirez, Morgan and Parker",09-10-2022,,215.69,227.55
6577,some,Brenda Wright,Hall and Sons,28-08-2022,,56.27,67.38
5487,maintain,Felicia Boyd,Porter-Waters,15-06-2023,,233.84,263.43
3210,edge,Julie Rodriguez,Williams-Boyd,01-08-2023,,243.35,259.21
8022,military,Elizabeth Pacheco,Thompson-Hull,30-01-2023,,82.2,99.84
8219,behavior,John Murray,"Zuniga, Hammond and Taylor",10-08-2023,,295.62,333.58
3967,machine,Rodney Winters,Ramsey-Douglas,21-08-2023,,95.63,117.85
7519,these,Andrew Tran,Mcdaniel-Henderson,05-05-2023,,206.86,261.7
7639,field,Chad Greene,"Beck, Pena and Ross",18-08-2023,,279.7,311.36
3544,behind,Steven Perez,Scott-Mendoza,23-09-2022,,102.7,121.9
2849,entire,Michael Ponce,Robbins-Allen,18-08-2023,,283.64,321.77
8972,point,Lawrence Martinez,"Morgan, Lucas and Quinn",12-10-2022,,189.89,240.82
7641,health,Carla Richards,Sims Group,10-06-2023,,189.8,232.63
8064,data,Kelly Jones,"Hudson, Bird and Hubbard",08-11-2022,,138.57,177.23
4368,east,Timothy Kennedy,Cline-Williams,29-01-2023,,49.1,63.43
7056,so,Kimberly Sandoval,Ortiz-Schaefer,31-01-2023,,128.42,159.51
2095,star,Jane Doyle,Phelps-Anderson,09-02-2023,,259.77,312.97
9900,know,Samantha Cook,"Hensley, Landry and Martin",21-04-2023,,42.72,53.02
2066,surface,Jacob Brooks,"Decker, Silva and Henderson",16-06-2023,,50.47,57.66
9218,know,Kimberly Mcconnell,Wilson-Anderson,16-02-2023,,206.65,243.36
9195,herself,Bonnie Ramsey,"Ortiz, Kennedy and Soto",18-03-2023,,112.36,131.04
1979,type,Taylor Jones,Young-Phillips,30-10-2022,,182.76,209.43
7473,economy,Andrew Carter,Stevenson-Torres,05-08-2023,,242.03,285.57
2680,wear,James Miranda,Woods Ltd,17-01-2023,,253.54,282.98
1839,morning,Mary Shaffer,"Sanchez, Clark and Mays",02-03-2023,,68,78.78
1919,him,Charlotte Melendez,Porter-Thomas,23-08-2023,,263.87,278.7
8800,prevent,Christopher Diaz,Harris Group,19-05-2023,,165.13,204.67
8553,experience,Steven Buchanan,Powers-Gomez,09-05-2023,,306.06,334.48
1638,someone,Robin Austin,"Gates, Porter and Williams",20-07-2023,,179.91,205.32
7524,customer,Sara Mcmahon,Franklin-Turner,26-09-2022,,110.41,130.95
8474,along,Lisa Braun,Smith Group,06-07-2023,,137.12,156.33
9163,parent,Michelle Mann,Wilcox-Trevino,29-06-2023,,281.74,313.91
7112,former,Johnny Hensley,"Bonilla, Smith and Wise",21-12-2022,,234.91,290.56
8513,type,Brett Smith,Rodriguez-Webster,26-06-2023,,62.14,71.52
8851,mouth,Anthony Parker,"Cooper, Gray and West",21-10-2022,,300.75,337.8
4806,piece,Brandon Johnson,Garcia-Warren,16-01-2023,,287.86,308.36
5154,want,Janet Mooney,"Gibbs, Wong and Moon",28-07-2023,,137.64,155.82
4307,glass,Christine Wilson,Hall-Murray,20-11-2022,,170.22,212.51
7117,be,Nichole Ward,"Guerrero, David and Peterson",08-09-2022,,138.67,154.2
4833,local,Angela Patel,Shaw-Parker,02-06-2023,,55.69,67.12
6556,short,Pamela Franklin,"Velazquez, Fry and Fox",04-09-2022,,148.06,183.76
7240,decide,Erin Castaneda,"James, Chambers and Thornton",02-09-2022,,252.78,281.59
6161,carry,Sarah Henderson,Evans LLC,11-08-2023,,254.64,295.35
8609,single,Maurice Davis,Tapia-Long,28-08-2022,,61.99,71.56
1503,old,Dawn Robinson,Franklin-Castro,27-01-2023,,209.4,232.82
7362,next,Kevin Norris,Scott and Sons,20-04-2023,,166.12,194.61
3212,morning,Leon Kane,"Guzman, Matthews and Clark",17-09-2022,,107.27,139.41
1118,defense,Nancy Harrell,Sheppard-Gregory,24-09-2022,,166.35,186.42
9596,scene,Denise Norman,Robertson Inc,24-02-2023,,215.01,244.82
5579,class,Amy Taylor,Mitchell and Sons,06-11-2022,,249.16,304.48
1628,avoid,Manuel Cuevas,Frye PLC,17-04-2023,,264.89,288.25
7267,energy,Jose Wagner,Harris Inc,21-08-2023,,63.91,66.71
5387,yet,Omar Mendoza,Patel-Bryant,07-02-2023,,310.05,380.39
6361,son,James Baldwin,"Schultz, Porter and Bowman",02-07-2023,,164.27,198.36
2773,color,Samantha Shelton,Martin LLC,19-08-2023,,208.87,242.9
2480,simply,Erin Turner,"Summers, Wilson and Russell",23-05-2023,,30.47,38.44
9042,while,Deborah Wright,"Wilson, Johnston and Kirby",16-06-2023,,207.31,240.47
5928,available,April Black,Barnett Ltd,30-08-2022,,85.18,104.71
7244,purpose,Samuel Williams,Watson PLC,16-07-2023,,146.49,152.48
8757,happy,Laura Roberts,Floyd Group,26-11-2022,,92.92,109.85
4427,understand,Andrew Flores,Wilson-Flores,02-12-2022,,149.8,181.72
3811,word,Jennifer Gutierrez,Farmer Group,27-09-2022,,281.58,347.66
6986,early,Travis Benjamin,Cox-Mckenzie,01-12-2022,,176.03,206.84
5476,interview,Jaclyn Travis,"Newton, Turner and Marshall",23-07-2023,,144.16,164.1
9021,few,John Wallace,"Martin, Anderson and Smith",11-01-2023,,296.68,365.57
3409,listen,Kimberly Mckay,"Tanner, Hernandez and Burns",07-01-2023,,323.29,368.86
2826,world,Diane Bryant,Keller Group,23-05-2023,,254.52,278.99
7014,commercial,Benjamin Schmitt,Barnett PLC,15-12-2022,,306.59,332.5
8981,reduce,Jose Webster,Werner-Edwards,09-10-2022,,304.23,356.89
3116,against,Sarah Patterson MD,"Potter, Goodman and Trevino",29-07-2023,,233.43,272.56
5296,either,Jacqueline Shepard,Cohen-Hardy,06-01-2023,,285.91,315.85
1434,a,Sarah Stewart,"Becker, Smith and Vasquez",11-02-2023,,70.31,80.91
5372,modern,Colleen Foster MD,Dean LLC,29-08-2022,,235.82,309.21
2038,several,Virginia Allen,Moore Ltd,30-04-2023,,224.83,248.73
7043,answer,Marcus Rowe,Jones-Haley,19-05-2023,,186.22,199.82
7403,base,Allison Flynn,Walsh Ltd,03-12-2022,,228.32,257.84
5037,man,Sharon King,Williams PLC,09-04-2023,,101.02,129.72
6220,world,Douglas Beard,Camacho Ltd,26-04-2023,,164.42,180.69
1736,unit,Rebecca Young,Cortez-Avery,30-10-2022,,43.68,50.72
5601,relate,Joseph Powell,"Jackson, Singleton and Wade",01-06-2023,,279.54,343.72
1992,clearly,Cheyenne Saunders,"Huff, Flores and Conner",04-11-2022,,67.27,75.48
5628,benefit,Terry Wright,Aguilar-Choi,05-07-2023,,181.31,186.46
6395,instead,Brianna Rodriguez,Lopez-Allen,29-08-2022,,242.75,301.36
8400,life,Angela Smith,Hanna Inc,06-02-2023,,114.81,145.56
3650,work,Cody Dixon,Larson-Lawson,20-02-2023,,123.26,139.45
6172,early,Christine Matthews,Conley Ltd,07-01-2023,,106.64,138.01
1694,none,John Moore,Frank Group,18-03-2023,,109.42,138.53
2504,dream,Teresa Lee,Guzman-Wong,07-08-2023,,155.37,181.85
5529,avoid,Shirley Combs,"Santiago, Henry and Hughes",26-03-2023,,91.83,115.1
2953,act,Beth Trujillo,Valenzuela PLC,02-01-2023,,234.1,266.62
8356,police,Haley Lee,Yu and Sons,16-05-2023,,273.1,330.5
4427,find,Michael Heath,Jackson-Snyder,14-09-2022,,96.76,114.22
8292,experience,Kathryn Allen,Roberts-Murray,19-12-2022,,61.51,72.06
2382,write,Stephanie Oneal,"Daniels, Davis and Cooke",14-07-2023,,92.41,99.98
5953,get,Kyle Wagner,"Medina, Medina and Moody",26-06-2023,,138.62,171.62
1372,special,Benjamin Weiss,Sullivan Group,19-02-2023,,186.63,194.38
5885,car,Ashley Thompson,"Romero, Reid and Barnes",24-10-2022,,211.8,266.16
2119,pressure,Jill Williams,"Thomas, Lyons and Gutierrez",02-05-2023,,279.43,306.08
9260,trial,Madison Nichols,Jefferson-Wise,19-07-2023,,265.19,307.75
1314,enjoy,Micheal Parker,Knight-Orozco,14-11-2022,,249.4,304.05
2650,idea,Angela Meyer,"Reid, Weaver and Hunter",14-03-2023,,229.69,276.16
3958,bring,Melissa Stevenson,Foster-Zuniga,19-07-2023,,96.53,124.28
6380,blood,Glenn Bridges,"West, Ellison and Johnson",15-07-2023,,184.92,215.3
7157,enough,Jennifer Walter,Brown Ltd,31-05-2023,,141.93,165.32
6041,support,Karen Jenkins,Armstrong and Sons,11-04-2023,,269.71,328.39
2093,do,Kayla Mccann,Williams-Montes,14-07-2023,,73.53,77
6321,data,Jackson Mitchell III,Pierce Inc,03-10-2022,,36.39,44.18
4406,attorney,Connor Joseph,Blair PLC,24-06-2023,,70.39,82.89
3478,every,Perry Lane,"Huang, Morales and Gibbs",22-08-2023,,319.92,343.81
6962,section,Eddie Ward,Johnson Group,14-10-2022,,270.77,304.56
2317,election,Mary Baker,Scott-Baker,09-12-2022,,227.7,265.7
4071,sing,Monica Dickerson,Yoder-Ramirez,24-04-2023,,298.87,341.66
6265,late,Rebecca Ward,"Kelley, Hudson and Lamb",12-12-2022,,53.5,60.58
9989,say,Joseph Nunez,"Wood, Diaz and Perez",21-03-2023,,294.5,339.36
1103,beat,George Hunter,Doyle LLC,05-11-2022,,239.07,298.04
6428,media,Marc Simpson,"Wyatt, Douglas and Jordan",06-01-2023,,239.68,274.57
4109,information,Jennifer Hensley,Sanders-Flores,27-03-2023,,235.88,280.55
7554,far,Scott Huff,Velazquez-Garcia,30-08-2022,,324.53,350.48
5115,identify,Jeffery Watts,Davis-Stokes,19-05-2023,,315.43,358.31
6837,father,Kimberly Jones,Taylor-Garcia,29-12-2022,,281.13,295.88
2993,west,Elizabeth Campbell,Mason PLC,14-10-2022,,45.19,52.22
3119,change,Erin Kelly,Clark-Fleming,02-06-2023,,347.17,350.34
5708,consider,Stephanie Kelly,Robbins LLC,20-07-2023,,132.4,148.42
9272,feel,Jasmine Irwin MD,Johnson LLC,06-03-2023,,195.83,216.13
9282,take,Keith Johnson,"Alvarez, Burns and Riley",22-05-2023,,156.57,162.33
1048,community,Jennifer Olson,Butler and Sons,26-10-2022,,277.91,362.62
9130,car,Danielle Hunter,Williams-Walker,24-07-2023,,179.21,207.81
4862,race,Anthony Nelson,"Maddox, Roman and Barnes",07-08-2023,,326.14,359.45
1674,address,Anthony Thomas,Frazier PLC,16-11-2022,,263.67,311.19
1469,small,Robert Li,Zimmerman-Wilson,14-12-2022,,223.36,254.48
3975,less,Sharon Bradley,Manning-Johnson,27-07-2023,,173.42,192.71
3440,lead,Jason Simpson,"Yoder, Coleman and Williams",13-07-2023,,225.66,245.09
5779,stop,Kurt Martin,"Kim, Lewis and Jacobs",08-12-2022,,132.97,159.78
8696,leg,Heather Castro,Hill LLC,02-10-2022,,317.16,325.21
4048,dream,Shannon Davis,Roberts Group,30-01-2023,,119.04,124.81
8781,teach,Katherine Allen,"Villegas, Doyle and Mccarthy",19-08-2023,,190.96,221.36
8491,participant,Edward Moore,"Curry, Perkins and Davenport",10-10-2022,,330.91,347.05
8012,necessary,Mrs. Taylor Thomas,"Merritt, Smith and Petersen",28-02-2023,,157.08,195.66
4752,leg,Bailey Summers,Phillips Inc,08-06-2023,,270.79,334.26
3517,boy,Jeffrey Hill,"Mitchell, Smith and Davidson",22-08-2023,,193.57,231.97
6692,window,Sarah Maynard,"Gates, Brewer and Olson",15-01-2023,,93.83,103.53
1042,apply,Cindy Alvarez,Jacobson-Turner,18-10-2022,,58.32,63.41
2926,friend,Daniel Dawson,"Yang, Acevedo and Escobar",02-09-2022,,320.83,369.32
9887,couple,Michael Gonzalez,Adams and Sons,07-05-2023,,164.66,208.93
2718,artist,Stephanie Oneal,Morris-Smith,10-08-2023,,140.42,167.94
6301,so,Jason Ellis,Navarro Group,20-02-2023,,256.5,319.86
9119,contain,James Cook,Grant PLC,04-10-2022,,248.26,277.27
8722,budget,Luis Rowland,Roberts-Hicks,26-11-2022,,304.52,362.4
4922,day,Jason Becker,Miller-Ryan,20-12-2022,,169,214.6
7370,for,Sara Hardin,Smith Group,14-03-2023,,289.3,338.92
6790,director,Dennis Jones,"Johnson, Wells and Stuart",03-03-2023,,304.83,346.2
4120,cell,Jennifer Smith,Guzman and Sons,20-02-2023,,183.11,194.58
9971,beyond,Kevin Sanders,Castro-Mcdonald,01-06-2023,,124.08,132.09
5006,such,Amanda Campbell,Cisneros Ltd,11-09-2022,,209.45,273.22
3695,level,Robert Dodson,Beard and Sons,12-10-2022,,315.43,386.55
8601,hair,Steve Davies,Torres Inc,30-10-2022,,215.48,249.02
9901,their,Jeremy Dyer,Sandoval-Moreno,26-09-2022,,175.78,190.48
9586,run,James Warner,"Johnson, Christensen and Delgado",22-07-2023,,54.64,62.99
7996,nearly,Gregory Davis,"Miller, Jones and Nelson",18-07-2023,,79.21,84.75
5782,choice,Suzanne Tanner,Lin Group,07-12-2022,,90.46,99.85
5488,friend,Christopher Crawford,Lawson-Campbell,20-03-2023,,304.77,327.42
1015,and,Pamela Weiss,Erickson Group,19-09-2022,,109.35,133.97
2368,yeah,Paul Forbes,George-Robinson,30-08-2022,,174.32,202.17
7088,pressure,Jeffrey Wagner,"Burns, Foster and Haynes",15-12-2022,,114.23,125.47
5347,similar,Kelly Garrison,"Lawrence, Thompson and Mccarthy",11-08-2023,,203.52,241.19
8645,skin,Mary Morrison,Garcia Ltd,17-05-2023,,187.39,206.87
5315,spring,Mrs. Donna Smith,Adams-Mcgrath,03-04-2023,,165.92,203.72
8902,tonight,Sandy Matthews,Edwards PLC,03-12-2022,,324.57,340.01
5442,include,Jamie Moore,"Johnston, Robbins and Mcfarland",06-03-2023,,188.57,207.05
2955,appear,Greg Fields,Long and Sons,29-01-2023,,72,87.65
3289,cause,Rhonda Hensley,"Cooper, Rivera and Morse",24-08-2023,,195.03,202.71
1972,attention,Rachel Morris,"Mason, Parks and Santos",23-03-2023,,133.62,163.23
5564,two,Lauren Berger,Rasmussen Group,31-01-2023,,191.85,240.08
9445,nothing,John Glenn,English PLC,14-10-2022,,40.09,48.86
1316,authority,Jeremy Snow,"Jackson, Thompson and Potter",08-06-2023,,183.76,220.73
3041,remember,Greg Anderson,Hinton PLC,17-01-2023,,278.52,338.55
7926,compare,Ernest Everett,Robinson Ltd,17-03-2023,,177.64,221.12
5278,join,Christian Barnes,Wilson Ltd,31-08-2022,,178.31,225.23
5624,maintain,Ethan Lamb,"Hughes, Carroll and Santos",13-01-2023,,207.47,265.63
1293,piece,Matthew Carter,"Lopez, Giles and Garcia",06-12-2022,,203.72,239.96
4138,five,Vanessa Hernandez,Foster PLC,14-01-2023,,107.92,120.66
2029,middle,Stephanie Webb,Stewart-Harvey,19-01-2023,,162.99,187.52
7654,campaign,Joseph Diaz,Lowe-Williams,25-05-2023,,283.1,342.81
3886,improve,Lori Flowers,Martin-Smith,15-12-2022,,282.05,314.25
3017,scene,Stacy Nelson,"Kelly, Reyes and Wagner",09-11-2022,,300.74,331.75
4874,include,Mark Ball,"Miller, Wright and Williams",27-04-2023,,153.02,197.97
8978,sport,Ashley Gardner,Castro-Thomas,26-05-2023,,188.21,211.86
2806,require,Jimmy Bean,Obrien PLC,10-02-2023,,139.07,154.54
7896,often,Teresa Cantrell,"Cole, Huynh and Fox",15-04-2023,,84.4,106.42
4462,include,Jasmine Carter,Cooper-Peterson,26-05-2023,,330.62,365.9
5834,especially,Taylor Pearson,Hartman-Torres,26-08-2023,,154.12,180.88
5303,visit,Jonathan Hughes,"Avery, Armstrong and Gibson",06-10-2022,,118.03,142.54
1917,note,Dennis Owen,"Thompson, Lee and Velasquez",26-06-2023,,190.97,221.22
5834,production,Kimberly Preston MD,White-Phillips,22-08-2023,,266.2,297.59
7489,own,Todd Cook,Fuller-Delacruz,29-05-2023,,62.11,76.69
6154,trial,Anna Webb,Phillips LLC,14-09-2022,,223.46,247.34
6369,moment,Antonio Long,Crosby Group,31-03-2023,,162.6,200.03
3883,eye,Ricky Leblanc,Padilla and Sons,04-10-2022,,344.21,357.05
8048,decision,Kristin Baker,Guerrero LLC,09-01-2023,,331.27,355.79
7253,break,Daniel Rich,Ball Group,02-11-2022,,246.97,269.4
2596,around,Tim Carter,"Martinez, Olsen and Payne",30-05-2023,,268.28,317.79
1356,pull,Paul Jones,Foster-George,30-07-2023,,85.68,88.61
7870,mother,Barbara Odonnell,"Harrell, Howell and Johnson",07-10-2022,,53.7,64.71
8922,analysis,Angela George,Cuevas-Osborne,05-03-2023,,291.83,341.77
2618,at,Christine Williams,"Castro, Harmon and Jones",23-11-2022,,183.98,192.31
8546,until,Jeffrey Brown,Montgomery Ltd,17-08-2023,,252.34,286.46
3537,very,Jennifer Mcdaniel,"Dodson, Brewer and Davis",10-07-2023,,319.64,366.64
5474,baby,Tracy Morris,Rivers Ltd,18-06-2023,,142.49,151.78
9900,measure,Kirk Henderson,"Jackson, Hernandez and Edwards",18-01-2023,,234.89,281.33
6866,century,Donald Ruiz,Weeks PLC,07-12-2022,,236.39,277.38
7954,him,Martin Mitchell,Jones-Hill,27-08-2022,,188.05,217.97
5714,above,Karen Davila,Knight Inc,13-08-2023,,118.2,134.73
2263,first,Melissa Garcia,Day PLC,09-12-2022,,323.88,380.88
9933,draw,Gabrielle Johnson,Griffin Inc,01-06-2023,,94.3,111.71
4547,international,Tammy Reid,"Bailey, Carlson and Miller",05-07-2023,,99.98,107.75
9630,sing,Jacob Clark,Patterson and Sons,08-09-2022,,52.98,55.77
4908,notice,Courtney Allen,Cantu-Garrison,26-08-2023,,72.08,75.94
9791,as,Gloria Garner,"Price, Mitchell and Pennington",07-12-2022,,117.15,122.33
6508,most,Jacob Garza,"Gross, Grimes and Martinez",28-09-2022,,278.94,337.85
7167,sister,Cassidy Santiago,Lewis-Anderson,25-12-2022,,42.38,48.23
5071,get,Jerry Montoya,Warren-Aguirre,06-10-2022,,297.56,384.54
9758,care,Cheryl Warren,Phillips-Conner,02-09-2022,,137.97,143.72
3767,table,Kelly Mata,Weber Inc,06-04-2023,,235.51,296.91
1092,where,Aimee Thornton,Macias PLC,26-04-2023,,250.11,293.3
6338,image,Brenda Fuentes,"Garcia, Kelly and Smith",22-10-2022,,185.27,211.65
9186,and,James Waters,Velez-Wright,05-04-2023,,288.81,368.08
9122,or,Taylor Williams,"Moreno, Chavez and Hardy",03-11-2022,,98.38,101.22
1407,future,Aaron Duke,"Murray, Wiggins and Smith",16-08-2023,,40.58,47.59
2172,team,Roberto Nelson,"Davis, Andrews and Martinez",10-10-2022,,49.21,55.9
4501,kitchen,Terry Martinez,Hendricks LLC,01-09-2022,,167.89,186.42
1848,thought,Darlene Evans,Anderson-Richards,06-08-2023,,201.24,221.15
3827,mean,Nicholas Horton MD,Horn LLC,20-11-2022,,159.41,175.6
9113,maintain,Ann Hamilton,"Ramirez, Bridges and Allen",29-03-2023,,249.37,311.68
1775,accept,Phyllis Mcguire,Anderson LLC,15-09-2022,,192.72,246.34
6574,past,Preston Robinson,Harris-Vaughn,16-08-2023,,34.64,38.75
7890,blue,Christina Vazquez,Solis Ltd,30-04-2023,,135.68,178.04
5062,against,David Fowler,"Turner, Zamora and Gutierrez",24-08-2023,,208.45,247.23
3525,beat,Anne Thomas,Jefferson PLC,30-10-2022,,324.62,362.25
9052,ability,Sarah Clark,"Paul, Golden and Craig",02-02-2023,,101.62,113.57
7551,ahead,Robin Franklin MD,"Oconnell, Lucero and Dixon",19-02-2023,,78.38,82.86
3418,born,Vanessa Grant,Gallagher-Flynn,18-09-2022,,196.83,218.65
8822,deep,Emily Olson,Henry LLC,12-08-2023,,42.47,49.13
3355,another,Tina Gould,"Johnson, Boyle and Knight",31-10-2022,,268.76,289.49
3361,left,Amber Wilson,Thompson and Sons,06-01-2023,,145.94,184.91
5676,fill,Thomas Best,Perry-Davis,11-06-2023,,34.61,42.48
8934,body,Benjamin Goodwin,"Clark, Rodriguez and Powell",06-08-2023,,176.39,192.92
8566,finish,Aaron Howe,Wong LLC,27-07-2023,,173.97,193.93
9208,knowledge,Jeffrey Jones,Cole LLC,02-10-2022,,238.72,242.33
6075,many,Daniel Davis,Kennedy-Lopez,18-08-2023,,221.98,252.16
6368,threat,Amanda Turner,"Jackson, Schwartz and Griffin",22-10-2022,,171.51,195.9
9536,pass,Joseph Williams,Kim LLC,25-01-2023,,275.11,339.77
7800,quality,Brandon Lewis,"Dyer, Sloan and Lowe",04-12-2022,,266.08,343.43
9055,reality,Henry Owens,"Craig, Avila and Carter",04-02-2023,,196.31,230.04
3515,top,Sydney Harvey,Keller-Tanner,05-10-2022,,258.2,269.45
3744,perform,Dana Mcconnell,Meyers Group,17-09-2022,,332,350.2
2966,situation,Louis Lynch,Knapp-Conway,19-08-2023,,275.1,341.33
8160,modern,Timothy Harris,"Harrison, Ramirez and Dunn",07-02-2023,,169.3,194.08
6832,couple,Aaron Villanueva,Watkins-Smith,07-05-2023,,276,324.27
9475,base,Melvin Brown,Jackson PLC,09-09-2022,,200.47,206.86
8848,vote,Carlos Smith,"Beard, Valentine and Bauer",07-11-2022,,306.36,317.43
7455,get,Derrick Nguyen,Roberts Inc,20-06-2023,,255.79,287.17
4296,among,Heather Austin,"Whitaker, Hicks and Wright",05-12-2022,,273.2,334.89
3187,capital,Benjamin Lee,"Ferguson, Johnson and Allen",28-01-2023,,308.48,361.42
1354,not,Meredith James,Fields-Bentley,19-02-2023,,193.99,209.97
4299,speech,Thomas Pitts,"Brooks, Wolfe and Myers",19-06-2023,,304.84,350.7
4052,just,Gregory Bowman,"Peterson, Gonzalez and Jordan",08-08-2023,,87.81,105.81
1703,notice,Stephanie Douglas,Silva-Walters,28-07-2023,,61.2,70.42
9676,range,Kristine Wolf,"Le, Jones and Rush",21-12-2022,,229.47,251.45
4423,page,Jacob Watkins,"Alvarez, Suarez and Taylor",19-06-2023,,109.11,132.26
4719,do,Jasmin Alvarado,Jackson-Clark,18-07-2023,,112.27,118.26
5660,consider,Michelle Mccullough,Deleon-Anderson,23-02-2023,,173.08,195.62
6923,reflect,Natalie Stevens,"Simpson, Mason and Simpson",18-12-2022,,228.86,235.12
8683,country,William Roberts,Harmon-Gonzales,30-08-2022,,89.42,102.29
9737,identify,Jessica Burgess,Barnes Group,10-04-2023,,39.22,45.51
7342,sometimes,Robert Ortega,"Robbins, Evans and Wood",13-07-2023,,264.14,313.19
3261,too,Brandon Bennett,Strickland-Sosa,17-04-2023,,201.31,237.29
8140,home,April Brandt,Henderson-Bennett,19-05-2023,,166.05,173.35
2572,stand,Charlene Jenkins,"Hurley, Wang and Miller",17-06-2023,,312.71,373.6
5511,nor,Rodney Davis,Schwartz PLC,04-10-2022,,152.4,156.48
1436,run,Philip Hanson,Keller and Sons,05-06-2023,,50.31,58.56
7566,two,Robert Griffin,"Price, Williams and Banks",12-01-2023,,177.32,227.55
8794,lay,Willie Davis,Carpenter-Mata,27-09-2022,,272.46,332.62
1647,modern,Samantha Weeks,"Ware, Reese and Reeves",23-02-2023,,87.81,107.17
1752,bag,Terry Clark,Perry-Frank,13-06-2023,,106.02,125.57
8888,pick,Thomas Lyons,Hill and Sons,23-08-2023,,41.96,50.07
5543,something,Jennifer Pacheco,Davis-Reynolds,18-06-2023,,97.94,111.66
3194,baby,Eric Myers,"Ball, Torres and Miller",07-08-2023,,75.61,84.6
7175,husband,Andrew Mitchell,Henry-Hart,01-06-2023,,168.94,205.05
9726,order,Daniel Rodriguez,Flores Inc,24-04-2023,,160.07,202.49
5939,serious,Danny Ward,"Meyers, Hall and Yang",15-04-2023,,172.85,203.54
5284,writer,Richard Wagner,"Walker, Becker and Green",26-09-2022,,229.28,255.78
8282,TV,Mr. Jon Griffin DDS,"Rodriguez, Reese and Ward",13-04-2023,,114.3,123.92
9384,mother,Michael Walters,"Brown, Brown and Garcia",22-10-2022,,255.54,263.84
3809,family,Eugene Robinson,Chavez-James,09-01-2023,,295.1,313.68
8489,beyond,John Alexander,Clark-Francis,11-02-2023,,100.97,123.35
5031,road,Jessica Davis,Frank LLC,14-07-2023,,61.09,74.91
5959,only,Steven Chavez,Griffith Inc,24-11-2022,,84.01,94.7
7219,bank,Dr. Anthony Foster,"Perry, West and Castillo",30-11-2022,,68.22,77.53
4612,just,Tammy Campos,Schroeder Inc,31-10-2022,,230.31,260.37
7664,hold,Amy Henry,Mendoza-Martinez,08-12-2022,,176.95,196.76
2627,himself,Laura Valdez,Harrison-Castro,27-09-2022,,262.37,304.2
4980,stuff,Paul Giles,"West, Hendricks and Mosley",15-08-2023,,49.76,57.76
4277,responsibility,Michael Crosby,Woods Ltd,03-09-2022,,207.41,213.92
1056,machine,Michael Ross,Smith-Villa,09-03-2023,,141.15,168.74
7990,would,Mary Barber,Burns Inc,18-05-2023,,199.09,221.46
3010,direction,Deborah Bailey,Salas-Cortez,24-12-2022,,54.2,67.99
7082,politics,Patricia Hudson,Brown LLC,09-05-2023,,71.4,84.68
6330,area,Michael Garcia,"Underwood, Obrien and Landry",19-10-2022,,107.7,131.49
4889,treat,Kathy Neal,"Thompson, Clark and Francis",21-09-2022,,98.18,109.19
4374,against,Yolanda Johnson,Jacobson-Mosley,21-12-2022,,232.03,266.74
3932,describe,Lauren Farley,Johnson-Gomez,15-03-2023,,250.59,296.15
4677,international,Adam Miller,"Hurst, Andrews and Poole",17-05-2023,,120.28,134.92
9070,guess,Mark Kim,Jensen PLC,25-02-2023,,290.51,318.05
5798,place,Daniel Thompson,Perez-Ramirez,10-06-2023,,94.01,102.7
1257,simply,Lisa Burton,Villegas LLC,06-07-2023,,33.72,38.69
9842,perform,Lori Nguyen,Lee-Jackson,23-03-2023,,184.58,214.04
8551,arm,Elizabeth Anthony,Lee Group,24-04-2023,,240.45,266.05
6927,suddenly,Kristi Peterson,Olson Group,11-05-2023,,94.28,114.19
3780,study,Lisa Murphy,"Guerrero, Harris and Strong",05-12-2022,,76.14,94.04
3131,first,Courtney Harmon,Forbes-Gibson,13-12-2022,,56.84,63.41
2001,major,Donald Beck,"Cross, White and Bishop",06-04-2023,,235.59,284.62
8646,although,Dr. Mathew Russell,"Wallace, Sullivan and Schwartz",29-03-2023,,206.35,220.31
1819,real,Janice Lopez,"Fry, Soto and Wood",31-12-2022,,246.37,276.25
4817,beyond,Todd Roberts,Lopez-Bolton,28-10-2022,,84.69,91.95
5941,television,George Franklin,Jones Ltd,09-10-2022,,227.04,269.49
6643,fall,Christopher Lucas,"Sexton, Benjamin and Mcdonald",27-12-2022,,41.09,52.88
5994,sort,Tiffany Glover,"Floyd, Conley and Lopez",07-02-2023,,202.78,224.84
8790,address,Mark Avila,"Jones, Stanley and Rivera",08-07-2023,,60.76,69.04
7240,response,Pamela Rodgers,"Thompson, Mejia and Oneal",26-08-2023,,229.94,246.17
4435,factor,Thomas Zavala,"Lopez, Hardy and Byrd",30-04-2023,,253.64,313.78
8950,begin,Bruce Sloan,"Diaz, Harper and Smith",21-10-2022,,275.15,315.11
1813,themselves,Lisa Williams,Roberts and Sons,26-08-2023,,253.13,313.29
9629,four,Seth Preston,"Ortiz, Ruiz and Bennett",30-03-2023,,190.69,228.9
2526,rather,Roberto Church,"Leonard, Mason and Baker",26-03-2023,,107.71,122.01
8846,focus,Alexandria Thomas,Edwards Group,15-08-2023,,245.43,304.19
9347,yard,Wyatt Tate DDS,Alvarado-Jones,12-08-2023,,144.84,164.06
5439,quickly,Emily Dixon,"Hernandez, Mccall and Whitaker",17-02-2023,,163.81,167.45
8129,teacher,David Scott,"Herrera, Jackson and Stephens",11-05-2023,,247.84,275.77
7563,identify,Wendy Hendricks,"Taylor, Murray and Shaw",11-07-2023,,210.41,241.9
8917,treat,Kim Johnson,"Johnson, Coleman and Johnson",25-06-2023,,187.35,214.75
6863,look,Hannah Fuller,Smith Inc,13-01-2023,,335.38,387.07
6497,present,Pamela Edwards,"Mendez, Baker and Collier",06-04-2023,,62.12,74
1720,bed,Jennifer Young,Austin and Sons,15-11-2022,,131.59,149.43
6180,size,Jose Morrow,Cox-Walton,04-03-2023,,206.97,231.79
5283,ever,Larry Allen,King LLC,29-10-2022,,276.84,329.44
4560,and,Patricia Chambers,"Morton, Gallagher and Stephens",04-04-2023,,34.22,43.46
4912,improve,Jacqueline Herrera,Long-West,28-12-2022,,255.31,282.66
5901,focus,Bryan Miles,Merritt Group,02-01-2023,,227.47,289.27
7693,economic,Miranda Green,Edwards Group,29-08-2022,,90.03,100.37
6808,staff,Henry Navarro,Turner and Sons,27-02-2023,,182.1,206.7
1530,own,Bethany Collier,Garcia-Mckay,18-06-2023,,57.5,66.06
1714,produce,Jeffrey Galloway,George-Collins,18-04-2023,,238.68,275.96
1075,cup,Allison Miller,"Nguyen, Ward and Rodriguez",06-01-2023,,266.91,292.28
1673,than,Laura Cooper DVM,"Bond, Williams and Reid",26-08-2023,,233.11,260.4
9639,at,Deborah Baldwin,"Walters, Solomon and Powell",13-02-2023,,175.47,211.42
6033,important,Amber Kelly,Lawson and Sons,08-08-2023,,264.51,320.67
3812,call,Michael Klein,Morrison PLC,09-12-2022,,336.26,374.58
4345,police,Joe Bell,"Daniel, Long and Williams",25-06-2023,,128.25,142.53
7389,make,Margaret Morris,"Moon, Sullivan and Saunders",13-05-2023,,336.83,372.48
5485,right,Zachary Thompson,"Dominguez, Soto and Wright",06-09-2022,,57.36,72.06
3462,though,Theresa Mitchell,Brown-Garcia,23-12-2022,,98.06,120.38
2178,inside,Misty Klein,Moss Ltd,29-05-2023,,253.57,289.12
5427,everyone,Hector Johnson,Myers-Macdonald,24-09-2022,,71.52,93.75
3524,customer,Nathan Beck,Davis LLC,02-06-2023,,258.57,284.47
5674,together,Nicholas Taylor,"Green, Martinez and Francis",10-02-2023,,242.57,271.92
7540,civil,Ann Barry,"Cameron, Fry and Ortiz",14-03-2023,,265.81,338.52
2777,he,Dennis Peterson,Avila-Estrada,04-04-2023,,199.86,250.83
5757,someone,Michael Roach,"Cardenas, Morrison and Martinez",28-06-2023,,113.86,132.87
3534,standard,Jeffrey Henderson,"Lowe, Gallagher and Schwartz",01-03-2023,,249.2,274.53
3681,second,Anna Rogers,Gomez Group,30-05-2023,,294.12,307.28
5385,middle,Robert Burke,"Robinson, Cole and Haas",05-03-2023,,262.17,271.9
8727,be,Ronald Williams,Davidson-Bernard,02-03-2023,,264.14,284.91
1552,present,Shannon Bates,Buck-Miller,16-01-2023,,273.38,307.95
9697,change,Veronica Stanley,Hall-Black,22-09-2022,,54.9,61.27
3856,else,Joshua Brown,Chung-Butler,19-03-2023,,212.24,234.8
3675,condition,Charles Gomez,Ferguson LLC,14-12-2022,,248.57,291.83
3442,learn,Christopher Moss,Joyce Inc,30-05-2023,,112.5,121.66
8308,man,Lauren Brooks,"Long, Howard and Dawson",02-06-2023,,61.03,67.54
5908,song,Charles Anderson,"Mcfarland, Gonzales and Black",23-07-2023,,183.55,213.54
3281,real,Rodney Mcgee,Payne Ltd,16-09-2022,,140.4,167.9
2381,almost,James Simmons,Miller-Ortiz,21-06-2023,,109,137.77
7868,always,Samuel Thomas,Kennedy-Griffith,28-02-2023,,217.27,245.49
9628,red,Edward Rivera,"Smith, Newman and Hayes",22-03-2023,,227.8,242.71
3968,same,Jennifer Wright,Young Ltd,10-01-2023,,315.37,393.35
9272,notice,Matthew Griffin,Powers-Lee,05-12-2022,,178.68,221.95
8343,goal,Andrew Weiss,Hoffman PLC,16-07-2023,,233.43,240.79
8482,claim,Jennifer Landry,Hurley-Berg,01-12-2022,,116.34,140.88
1026,nature,Charles Mullen,"Velez, Freeman and Summers",06-04-2023,,105.6,123.43
1769,happen,William Walsh,Owens-Smith,24-01-2023,,252.73,290.37
8264,entire,Christopher Drake,"Kline, Gomez and Robinson",04-05-2023,,90.23,97.23
9636,fish,Joshua Santos,"Ochoa, Mccullough and Miller",23-03-2023,,106.2,118.11
2376,ask,Andrew Garrett,Blair-Ayers,17-02-2023,,191.76,234.46
4529,every,Scott Clark,Gonzales PLC,15-10-2022,,63.47,78.36
1287,second,Gregory Lara,"Buchanan, Watson and Moore",06-03-2023,,191.5,204.95
7706,thus,Joseph Kelly,Rogers Inc,26-01-2023,,267.78,304.56
8113,pull,Matthew Holt,"Jones, Newton and Huffman",08-04-2023,,45.52,47.79
1804,point,Nicholas Nelson,Green-Peterson,06-01-2023,,163.93,175.11
7647,small,Jessica Rocha,Ferguson-Perez,16-11-2022,,288.13,305.53
6581,here,Susan Cox,"Perez, Cline and Davis",12-03-2023,,283.39,351.66
9874,politics,Ralph Fitzpatrick,"Espinoza, Jimenez and Gonzales",09-09-2022,,241.78,287.72
3298,event,Philip Nichols,"Andersen, Kennedy and Williams",07-07-2023,,255.35,284.62
4645,poor,Scott Taylor,Allen-Butler,03-03-2023,,184.83,224.75
1437,security,Justin Brown,Aguilar PLC,22-07-2023,,100.11,123.19
5251,deal,Christopher Green,Baldwin-Sandoval,28-07-2023,,76.76,94.99
5185,image,Richard Larson,Smith-Price,27-12-2022,,293.86,353.2
9253,tell,Amber Duarte,Sawyer-Leach,28-03-2023,,321.03,361.83
4783,leave,Micheal Walker,Sampson Inc,14-05-2023,,344.49,378.56
5322,care,Kevin White,Long Inc,22-12-2022,,182.87,206.87
1700,sure,Catherine Jones,Ford-Vasquez,11-08-2023,,58.93,68.33
7231,allow,Timothy Hicks,"Mathis, Moore and Phillips",18-03-2023,,163.86,182.75
9302,guy,Steven Todd,Morgan-Mooney,06-10-2022,,150.69,165.75
8489,soldier,John Hale,Gallagher-Whitaker,24-03-2023,,157.41,194.73
7401,order,Audrey Alexander,"Jones, Robertson and Martinez",03-07-2023,,306.96,332.92
7524,quite,Olivia Savage,Downs-Williams,02-01-2023,,122.94,143.68
5950,investment,Laura Bartlett,Dorsey-Fry,03-03-2023,,145.29,188.34
1829,lead,Jason Jones,James-Martin,02-08-2023,,242.27,306.46
8129,thus,Janice Benson,Martinez and Sons,06-09-2022,,130.28,155.74
8071,enough,Anthony Brown,"Osborne, Jordan and Kirk",26-06-2023,,143.41,169.93
2351,responsibility,Chad Lopez,Kramer Ltd,27-02-2023,,68.1,81.26
9128,magazine,Sylvia Yu,Porter-James,16-07-2023,,40.76,49.39
3340,need,Sara Robertson,"Curtis, Wallace and Byrd",14-11-2022,,320.42,333.73
2149,special,Rachel Russell,"Arellano, Hodges and Velasquez",03-01-2023,,136.49,145.74
9490,produce,Brandon Blake,"Rodgers, Bradley and French",15-02-2023,,220.58,268.64
1466,quality,Nicole Garza,Prince Ltd,27-03-2023,,88.29,94.19
2909,place,Christopher Guerrero,"Ramos, Lucero and Ortiz",29-12-2022,,223.48,271.42
9808,family,Jennifer Cox,Gonzales and Sons,11-03-2023,,31.88,39.71
6331,continue,Duane Nguyen,Gregory Ltd,22-12-2022,,289.37,356.44
7279,large,Jacqueline Miller,Jones Inc,07-02-2023,,95.74,113.6
7528,laugh,Adrian Jackson,Morse Inc,10-04-2023,,235.92,275.79
8977,statement,Catherine Thompson,"Jones, Clark and Gross",01-05-2023,,163.27,188.97
9751,imagine,Felicia Adams,Maldonado and Sons,19-09-2022,,239.85,314.17
2355,court,Seth Benson,"Brown, Hendricks and Jimenez",20-06-2023,,168.38,214.97
6293,late,Dan Jacobs,Anthony-Perez,03-03-2023,,203.95,247.6
3146,be,Sierra Larson,Jones-Brown,19-05-2023,,284.18,347.67
8169,skin,Aaron Moss,"Stewart, Key and Lin",12-08-2023,,275.27,294.08
1924,carry,Ryan Berg,"Williams, Solis and Banks",09-07-2023,,76.76,98.23
9857,tax,Elizabeth Weaver,"Meyer, Fox and Wright",20-05-2023,,51.69,56.17
3541,staff,Mrs. Sarah Hodge,"Burke, Fry and Johnson",08-12-2022,,190.57,201.79
2878,military,Marcus Leon,"Church, Flores and Terry",22-04-2023,,310.55,362.23
7384,live,Carlos Perez,Richardson-Acosta,19-10-2022,,213.86,254.53
5306,responsibility,Tyler Thomas,Hill-Torres,27-07-2023,,203.18,211.44
1798,treatment,Denise Deleon,Oliver-Salinas,04-04-2023,,116.47,129.63
2551,speak,Heather Ross,Johnson LLC,13-10-2022,,216.44,241.48
4299,none,Amy Miller,Bell-Boyd,14-11-2022,,70.24,73.05
6868,agreement,Cindy Roberts,Moore and Sons,25-07-2023,,52.9,58.96
5775,rule,Amy Rose,Mckenzie-Wright,14-07-2023,,301.92,345.05
2955,others,Kimberly Moore,"Turner, Parker and Day",24-01-2023,,287.27,301.46
8336,mean,Traci Morgan,"Kelley, Myers and Young",13-01-2023,,242.01,260.08
3044,actually,Roger Martinez,Phillips-Hill,05-09-2022,,197.09,213.87
3339,bring,Thomas Mcdaniel,Turner-Gonzalez,13-04-2023,,275.15,307.12
4858,four,Frederick Jones,Wilson-Walker,14-01-2023,,284.07,333.87
8207,scene,Tim Young,Rush-Oliver,06-07-2023,,148.91,155.67
8068,value,Jeffrey Walker,Gillespie-Jenkins,04-06-2023,,186.74,221.65
